INSERT INTO hanzi (id, name, pinyin) VALUES
  (1, '好', 'hao3'),
  (2, '八', 'ba1'),
  (3, '爱', 'ai4'),
  (4, '爸', 'ba4'),
  (5, '杯', 'bei1'),
  (6, '子', 'zi'),
  (7, '北', 'bei3'),
  (8, '京', 'jing1'),
  (9, '本', 'ben3'),
  (10, '不', 'bu4'),
  (11, '客', 'ke4'),
  (12, '气', 'qi'),
  (13, '菜', 'cai4'),
  (14, '茶', 'cha2'),
  (15, '吃', 'chi1'),
  (16, '出', 'chu1'),
  (17, '租', 'zu1'),
  (18, '车', 'che1'),
  (19, '打', 'da3'),
  (20, '电', 'dian4'),
  (21, '话', 'hua4'),
  (22, '大', 'da4'),
  (23, '的', 'de'),
  (24, '点', 'dian3'),
  (25, '脑', 'nao3'),
  (26, '视', 'shi4'),
  (27,'影', 'ying3'),
  (28, '东', 'dong1'),
  (29, '西', 'xi'),
  (30, '都', 'dou1'),
  (31, '读', 'du'),
  (32, '对', 'dui4'),
  (33, '起', 'qi3'),
  (34, '多', 'duo1'),
  (35, '少', 'shao3'),
  (36, '儿', 'er2'),
  (37, '二', 'er4'),
  (38, '饭', 'fan4'),
  (39, '馆', 'guan3'),
  (40, '飞', 'fei1'),
  (41, '机', 'ji1'),
  (42, '分', 'fen1'),
  (43, '钟', 'zhong1'),
  (44, '高', 'gao1'),
  (45, '兴', 'xing4'),
  (46, '个', 'ge4'),
  (47, '工', 'gong1'),
  (48, '作', 'zuo4'),
  (49, '狗', 'gou3'),
  (50, '汉', 'han4'),
  (51, '喝', 'he1'),
  (52, '和', 'he2'),
  (53, '很', 'hen3'),
  (54, '后', 'hou4'),
  (55, '面', 'mian'),
  (56, '回', 'hui2'),
  (57, '会', 'hui4'),
  (58, '火', 'huo3'),
  (59, '站', 'zhan'),
  (60, '几', 'ji3'),
  (61, '家', 'jia1'),
  (62, '叫', 'jiao4'),
  (63, '今', 'jin1'),
  (64, '天', 'tian1'),
  (65, '九', 'jiu3'),
  (66, '开', 'kai1'),
  (67, '看', 'kan1'),
  (68, '见', 'jian4'),
  (69, '块', 'kuai4'),
  (70, '来', 'lai2'),
  (71, '老', 'lao3'),
  (72, '师', 'shi1'),
  (73, '了', 'le'),
  (74, '冷', 'leng3'),
  (75, '里', 'li3'),
  (76, '零', 'ling2'),
  (77, '六', 'liu4'),
  (78, '妈', 'ma1'),
  (79, '吗', 'ma'),
  (80, '买', 'mai3'),
  (81, '猫', 'mao1'),
  (82, '没', 'mei2'),
  (83, '关', 'guan1'),
  (84, '系', 'xi'),
  (85, '米', 'mi3'),
  (86, '饭', 'fan4'),
  (87, '明', 'ming2'),
  (88, '名', 'ming2'),
  (89, '哪', 'na2'),
  (90, '儿', 'er2'),
  (91, '那', 'na4'),
  (92, '呢', 'ne'),
  (93, '能', 'neng2'),
  (94, '你', 'ni3'),
  (95, '年', 'nian2'),
  (96, '女', 'nv3'),
  (97, '朋', 'peng2'),
  (98, '友', 'you'),
  (99, '漂', 'piao4'),
  (100, '亮', 'liang'),
  (101, '苹', 'ping2'),
  (102, '果', 'guo3'),
  (103, '七', 'qi1'),
  (104, '钱', 'qian2'),
  (105, '前', 'qian2'),
  (106, '请', 'qing3'),
  (107, '去', 'qu4'),
  (108, '热', 're4'),
  (109, '人', 'ren2'),
  (110, '认', 'ren4'),
  (111, '识', 'shi5'),
  (112, '日', 'ri4'),
  (113, '三', 'san1'),
  (114, '商', 'shang1'),
  (115, '店', 'dian4'),
  (116, '上', 'shang4'),
  (117, '午', 'wu3'),
  (118, '谁', 'shei2'),
  (119, '什', 'shen2'),
  (120, '么', 'me'),
  (121, '十', 'shi2'),
  (122, '时', 'shi2'),
  (123, '候', 'hou'),
  (124, '是', 'shi4'),
  (125, '书', 'shu1'),
  (126, '水', 'shui3'),
  (127, '睡', 'shui4'),
  (128, '觉', 'jiao4'),
  (129, '说', 'shuo1'),
  (130, '四', 'si4'),
  (131, '岁', 'sui4'),
  (132, '他', 'ta1'),
  (133, '她', 'ta1'),
  (134, '太', 'tai4'),
  (135, '气', 'qi4'),
  (136, '听', 'ting1'),
  (137, '学', 'xue2'),
  (138, '喂', 'wei4'),
  (139, '我', 'wo3'),
  (140, '们', 'men'),
  (141, '五', 'wu3'),
  (142, '喜', 'xi3'),
  (143, '欢', 'huan'),
  (144, '下', 'xia4'),
  (145, '雨', 'yu3'),
  (146, '先', 'xian1'),
  (147, '生', 'sheng'),
  (148, '现', 'xian4'),
  (149, '在', 'zai4'),
  (150, '想', 'xiang3'),
  (151, '小', 'xiao3'),
  (152, '姐', 'jie'),
  (153, '些', 'xie1'),
  (154, '写', 'xie3'),
  (155, '谢', 'xie4'),
  (156, '星', 'xing1'),
  (157, '期', 'qi1'),
  (158, '学', 'xue2'),
  (159, '习', 'xi2'),
  (160, '校', 'xiao4'),
  (161, '一', 'yi1'),
  (162, '衣', 'yi1'),
  (163, '服', 'fu'),
  (164, '医', 'yi1'),
  (165, '院', 'yuan4'),
  (166, '椅', 'yi3'),
  (167, '有', 'you3'),
  (168, '月', 'yue4'),
  (169, '再', 'zai4'),
  (170, '怎', 'zen3'),
  (171, '样', 'yang4'),
  (172, '这', 'zhe4'),
  (173, '中', 'zhong1'),
  (174, '国', 'guo2'),
  (175, '住', 'zhu4'),
  (176, '桌', 'zhuo1'),
  (177, '昨', 'zuo2'),
  (178, '做', 'zuo4'),
  (179, '坐', 'zuo4');


-- http://www.baeldung.com/running-setup-logic-on-startup-in-spring

INSERT INTO word (id, chinese_meaning, english_meaning) VALUES
(1, '你好', 'hi'),
(2, '朋友', 'friend'),
(3, '爱', 'to love'),
(4, '八', 'eight'),
(5, '爸爸', 'father'),
(6, '杯子', 'cup'),
(7, '北京', 'Beijing'),
(8, '本', 'classifier for books'),
(9, '不', 'not'),
(10, '不客气', 'you are welcome'),
(11, '菜', 'dish'),
(12, '茶', 'tea'),
(13, '吃', 'to eat'),
(14, '出租车', 'taxi'),
(15, '打电话', 'to make a phone call'),
(16, '大', 'big'),
(17, '的', 'of'),
(18, '点', 'oclock'),
(19, '电脑', 'computer'),
(20, '电视', 'television'),
(21, '电影', 'movie'),
(22, '东西', 'thing'),
(23, '都', 'both'),
(24, '读', 'to read'),
(25, '对不起', 'excuse me'),
(26, '多', 'a lot of'),
(27, '多少', 'how much'),
(28, '儿子', 'son'),
(29, '二', 'two'),
(30, '饭馆', 'restaurant'),
(31, '飞机', 'airplane'),
(32, '分钟', 'minute'),
(33, '高兴', 'happy'),
(34, '个', 'classifier for people'),
(35, '工作', 'to work'),
(36, '狗', 'dog'),
(37, '汉语', 'Chinese language'),
(38, '好', 'good'),
(39, '喝', 'to drink'),
(40, '和', 'and'),
(41, '很', 'very'),
(42, '后面', 'behind'),
(43, '回', 'to return'),
(44, '会', 'to gather'),
(45, '火车站', 'train station'),
(46, '家', 'home'),
(47, '叫', 'to call'),
(48, '今天', 'today'),
(49, '九', 'nine'),
(50, '开', 'to open'),
(51, '看', 'to look after'),
(52, '看见', 'to see'),
(53, '块', 'classifier for money'),
(54, '来', 'to come'),
(55, '老师', 'teacher'),
(56, '了', 'completed action marker'),
(57, '冷', 'cold'),
(58, '里', 'in'),
(59, '零', 'zero'),
(60, '六', 'six'),
(61, '妈妈', 'mother'),
(62, '吗', 'question tag'),
(63, '买', 'to buy'),
(64, '猫', 'cat'),
(65, '没', 'have not'),
(66, '没关系', 'it does not matter'),
(67, '米饭', 'rice'),
(68, '明天', 'tomorrow'),
(69, '名字', 'name'),
(70, '哪', 'which?'),
(71, '哪儿', 'where?'),
(72, '那', 'that'),
(73, '那儿', 'there'),
(74, '呢', 'question particle for subjects already mentioned'),
(75, '能', 'can'),
(76, '你', 'you'),
(77, '年', 'year'),
(78, '女儿', 'daughter'),
(79, '漂亮', 'pretty'),
(80, '苹果', 'apple'),
(81, '七', 'seven'),
(82, '钱', 'money'),
(83, '前面', 'in front of'),
(84, '请', 'please'),
(85, '去', 'to go'),
(86, '热', 'hot'),
(87, '人', 'person'),
(88, '认识', 'to know'),
(89, '日', 'Japan'),
(90, '三', 'three'),
(91, '商店', 'shop'),
(92, '上', 'on'),
(93, '上午', 'morning'),
(94, '少', 'few'),
(95, '谁', 'who?'),
(96, '什么', 'what?'),
(97, '十', 'ten'),
(98, '时候', 'time'),
(99, '是', 'to be'),
(100, '书', 'book'),
(101, '水', 'water'),
(102, '水果', 'fruit'),
(103, '睡觉', 'to go to bed'),
(104, '说话', 'to talk'),
(105, '四', 'four'),
(106, '岁', 'classifier for age'),
(107, '他', 'he'),
(108, '她', 'she'),
(109, '太', 'too'),
(110, '天气', 'weather'),
(111, '听', 'to hear'),
(112, '同学', 'classmate'),
(113, '喂', 'hallo'),
(114, '我', 'I'),
(115, '我们', 'we'),
(116, '五', 'five'),
(117, '喜欢', 'to like'),
(118, '下', 'down'),
(119, '下午', 'afternoon'),
(120, '下雨', 'to rain'),
(121, '先生', 'mister'),
(122, '现在', 'now'),
(123, '想', 'to miss'),
(124, '小', 'small'),
(125, '小姐', 'miss'),
(126, '些', 'some'),
(127, '写', 'to write'),
(128, '谢谢', 'thanks'),
(129, '星期', 'week'),
(130, '学生', 'student'),
(131, '学习', 'to learn'),
(132, '学校', 'school'),
(133, '一', 'one'),
(134, '衣服', 'clothes'),
(135, '医生', 'doctor'),
(136, '医院', 'hospital'),
(137, '椅子', 'chair'),
(138, '有', 'to have'),
(139, '月', 'month'),
(140, '在', 'to be at'),
(141, '再见', 'see you'),
(142, '怎么', 'how?'),
(143, '怎么样', 'how are things?'),
(144, '这', 'this'),
(145, '这儿', 'here'),
(146, '中国', 'China'),
(147, '中午', 'noon'),
(148, '住', 'to live'),
(149, '桌子', 'table'),
(150, '字', 'character'),
(151, '昨天', 'yesterday'),
(152, '做', 'to do'),
(153, '坐', 'to sit'),
(154, '几', 'how much');





INSERT INTO word_hanzis (words_id, hanzis_id) VALUES
(1, 94),
(1, 1),
(2, 97),
(2, 98),
(3, 3),
(4, 2),
(5, 4),
(5, 4),
(6, 5),
(6, 6),
(7, 7),
(7, 8),
(8, 9),
(9, 10),
(10, 10),
(10, 11),
(10, 12),
(11, 13),
(12, 14),
(13, 15),
(14, 16),
(14, 17),
(14, 18),
(15, 19),
(15, 20),
(15, 21),
(16, 22),
(17, 23),
(18, 24),
(19, 20),
(19, 25),
(20, 20),
(20, 26),
(21, 20),
(21, 27),
(22, 28),
(22, 29),
(23, 30),
(24, 31);











